-- phpMyAdmin SQL Dump
-- version 4.2.7.1
-- http://www.phpmyadmin.net
--
-- Client :  localhost
-- Généré le :  Jeu 30 Mars 2017 à 17:04
-- Version du serveur :  5.6.20-log
-- Version de PHP :  5.4.31

SET SQL_MODE = "NO_AUTO_VALUE_ON_ZERO";
SET time_zone = "+00:00";


/*!40101 SET @OLD_CHARACTER_SET_CLIENT=@@CHARACTER_SET_CLIENT */;
/*!40101 SET @OLD_CHARACTER_SET_RESULTS=@@CHARACTER_SET_RESULTS */;
/*!40101 SET @OLD_COLLATION_CONNECTION=@@COLLATION_CONNECTION */;
/*!40101 SET NAMES utf8 */;

--
-- Base de données :  `news`
--

-- --------------------------------------------------------

--
-- Structure de la table `comments`
--

CREATE TABLE IF NOT EXISTS `comments` (
`id` mediumint(9) NOT NULL,
  `news` smallint(6) NOT NULL,
  `auteur` varchar(50) DEFAULT NULL,
  `fk_MMC` int(11) DEFAULT NULL,
  `contenu` text NOT NULL,
  `date` datetime NOT NULL
) ENGINE=MyISAM  DEFAULT CHARSET=latin1 AUTO_INCREMENT=494 ;

--
-- Contenu de la table `comments`
--

INSERT INTO `comments` (`id`, `news`, `auteur`, `fk_MMC`, `contenu`, `date`) VALUES
(439, 28, NULL, 36, 'hello', 0x323031372d30332d33302031353a30333a3136),
(438, 28, NULL, 36, 'ddd', 0x323031372d30332d33302031353a30323a3537),
(437, 28, NULL, 36, 'aaaa', 0x323031372d30332d33302031353a30323a3534),
(436, 28, NULL, 36, 'ddd', 0x323031372d30332d33302031343a35373a3339),
(435, 28, NULL, 36, 'dddddd', 0x323031372d30332d33302031343a35373a3231),
(434, 28, NULL, 36, 'dddd', 0x323031372d30332d33302031343a35363a3136),
(431, 28, NULL, 36, 'dffff', 0x323031372d30332d33302031343a35313a3039),
(430, 28, NULL, 36, 'ddd', 0x323031372d30332d33302031343a34393a3037),
(429, 28, NULL, 36, 'ddd', 0x323031372d30332d33302031343a34383a3534),
(428, 28, NULL, 36, 'dddddddzdzdzd', 0x323031372d30332d33302031343a34383a3034),
(427, 28, NULL, 36, 'asasasasasasasas', 0x323031372d30332d33302031343a34353a3234),
(426, 28, NULL, 36, 'ffffff', 0x323031372d30332d33302031343a34343a3534),
(425, 28, NULL, 36, 'cccccc', 0x323031372d30332d33302031343a34343a3133),
(424, 28, NULL, 36, 'dzdd', 0x323031372d30332d33302031343a34333a3430),
(423, 28, NULL, 36, 'dzdz', 0x323031372d30332d33302031343a34333a3132),
(422, 28, NULL, 36, 'ddddddd', 0x323031372d30332d33302031343a34323a3437),
(421, 28, 'ddddddddd', NULL, 'aaa', 0x323031372d30332d33302031343a33383a3535),
(420, 28, NULL, 36, 'adad', 0x323031372d30332d33302031343a33383a3335),
(419, 28, NULL, 36, 'dzdzzd', 0x323031372d30332d33302031343a33373a3539),
(418, 28, NULL, 36, 'aaaa', 0x323031372d30332d33302031343a33363a3330),
(417, 28, NULL, 36, 'dddddddddd', 0x323031372d30332d33302031343a33363a3135),
(416, 28, NULL, 36, 'dddddddddddddddddddd', 0x323031372d30332d33302031343a32363a3532),
(415, 28, NULL, 36, 'zzzzzzzzzzzzzz', 0x323031372d30332d33302031343a32363a3336),
(414, 28, NULL, 36, 'dzd', 0x323031372d30332d33302031343a32363a3236),
(413, 28, NULL, 36, 'dzdz', 0x323031372d30332d33302031343a32353a3137),
(412, 28, NULL, 36, 'dzdd', 0x323031372d30332d33302031343a32343a3135),
(411, 28, NULL, 36, 'ddd', 0x323031372d30332d33302031343a32323a3034),
(410, 28, NULL, 36, 'dd', 0x323031372d30332d33302031343a32313a3333),
(409, 28, NULL, 36, 'ass', 0x323031372d30332d33302031343a32313a3138),
(408, 28, NULL, 36, 'aa', 0x323031372d30332d33302031343a32303a3034),
(407, 28, NULL, 36, 'zzz', 0x323031372d30332d33302031343a31393a3333),
(406, 28, NULL, 36, 'assa', 0x323031372d30332d33302031343a30343a3038),
(405, 28, NULL, 36, 'sasas', 0x323031372d30332d33302031323a35343a3335),
(404, 28, NULL, 36, 'fez', 0x323031372d30332d33302031323a34373a3235),
(403, 28, NULL, 36, 'sas', 0x323031372d30332d33302031323a32353a3135),
(379, 28, 'test', NULL, 'oui', 0x323031372d30332d32392031393a30363a3437),
(380, 28, 'aa', NULL, 'z', 0x323031372d30332d32392031393a33343a3536),
(381, 28, 'f', NULL, 'fe', 0x323031372d30332d33302031303a30393a3538),
(382, 28, 'zzzzz', NULL, 'aa', 0x323031372d30332d33302031303a32313a3438),
(383, 28, 'ssssa', NULL, 'ssw', 0x323031372d30332d33302031303a32323a3138),
(384, 28, 'dzddd', NULL, 'zz', 0x323031372d30332d33302031303a34313a3439),
(385, 28, 'zddd', NULL, 'a', 0x323031372d30332d33302031303a34323a3136),
(386, 28, 'v', NULL, 'e', 0x323031372d30332d33302031303a34353a3032),
(387, 28, 'x', NULL, 'x', 0x323031372d30332d33302031303a35303a3435),
(388, 28, 'w', NULL, 'w', 0x323031372d30332d33302031303a35393a3434),
(389, 28, 'aaads', NULL, 'd', 0x323031372d30332d33302031313a31353a3431),
(390, 28, 'dz', NULL, 'a', 0x323031372d30332d33302031313a31373a3139),
(391, 28, 'ad', NULL, 'd', 0x323031372d30332d33302031313a31373a3435),
(392, 28, 'd', NULL, 'dd', 0x323031372d30332d33302031313a31393a3034),
(393, 28, 'ddaxdxd', NULL, 'd', 0x323031372d30332d33302031313a31393a3137),
(394, 28, 'ddad', NULL, 'xx', 0x323031372d30332d33302031313a32313a3430),
(395, 28, 'dz', NULL, 'dz', 0x323031372d30332d33302031313a33363a3133),
(396, 28, 'aad', NULL, 'dd', 0x323031372d30332d33302031313a34393a3232),
(397, 28, 'ddaa', NULL, 'aa', 0x323031372d30332d33302031323a31313a3339),
(398, 28, 'p', NULL, 'pp', 0x323031372d30332d33302031323a32303a3133),
(399, 28, 'd', NULL, 'da', 0x323031372d30332d33302031323a32323a3338),
(400, 28, 'a', NULL, 'aa', 0x323031372d30332d33302031323a32333a3030),
(401, 28, 'aaaa', NULL, 'a', 0x323031372d30332d33302031323a32333a3233),
(402, 28, NULL, 36, 's', 0x323031372d30332d33302031323a32333a3532),
(440, 28, NULL, 36, 'OUI', 0x323031372d30332d33302031353a30333a3236),
(441, 28, NULL, 36, 'ddd', 0x323031372d30332d33302031353a30343a3135),
(442, 28, NULL, 36, 'dd', 0x323031372d30332d33302031353a30343a3230),
(443, 28, NULL, 36, 'HIHI', 0x323031372d30332d33302031353a30343a3237),
(444, 28, NULL, 36, ',,,', 0x323031372d30332d33302031353a30343a3331),
(445, 28, NULL, 36, 'ffff', 0x323031372d30332d33302031353a30343a3537),
(446, 28, NULL, 36, 'dd', 0x323031372d30332d33302031353a30353a3334),
(447, 28, NULL, 36, 'dddd', 0x323031372d30332d33302031353a30383a3437),
(448, 28, 'a', NULL, 'ss', 0x323031372d30332d33302031353a30393a3131),
(449, 28, NULL, 36, 'fff', 0x323031372d30332d33302031353a31303a3331),
(450, 28, NULL, 36, 'ff', 0x323031372d30332d33302031353a31353a3236),
(451, 28, NULL, 36, 'dd', 0x323031372d30332d33302031353a31383a3336),
(452, 28, NULL, 36, 'ddd', 0x323031372d30332d33302031353a31393a3136),
(453, 28, NULL, 36, 'aaaaaaa', 0x323031372d30332d33302031353a32303a3130),
(454, 28, NULL, 36, 'szz', 0x323031372d30332d33302031353a32303a3334),
(455, 28, NULL, 36, 'ddd', 0x323031372d30332d33302031353a32303a3530),
(456, 28, NULL, 36, 'cdz', 0x323031372d30332d33302031353a32303a3537),
(457, 28, NULL, 36, 'fffff', 0x323031372d30332d33302031353a32323a3037),
(458, 28, NULL, 36, 'ddzdzdzdzdzdz', 0x323031372d30332d33302031353a32323a3137),
(459, 28, NULL, 36, 'fefe', 0x323031372d30332d33302031353a32343a3138),
(460, 28, NULL, 36, 'fefefe', 0x323031372d30332d33302031353a32343a3437),
(461, 28, NULL, 36, 'ppp', 0x323031372d30332d33302031353a32353a3036),
(462, 28, NULL, 36, 'ff', 0x323031372d30332d33302031353a32373a3136),
(463, 28, NULL, 36, 'dddd', 0x323031372d30332d33302031353a32383a3531),
(464, 28, NULL, 36, 'dddd', 0x323031372d30332d33302031353a33303a3138),
(465, 28, NULL, 36, 'ddd', 0x323031372d30332d33302031353a33303a3437),
(466, 28, NULL, 36, 'dddd', 0x323031372d30332d33302031353a33313a3534),
(467, 28, NULL, 36, 'dddd', 0x323031372d30332d33302031353a33323a3138),
(468, 28, NULL, 36, 'aaa', 0x323031372d30332d33302031353a34313a3339),
(469, 28, NULL, 36, 'dddd', 0x323031372d30332d33302031353a34373a3438),
(470, 28, NULL, 36, 'aaa', 0x323031372d30332d33302031353a34373a3534),
(471, 28, NULL, 36, 'dzd', 0x323031372d30332d33302031353a34383a3030),
(472, 28, NULL, 36, 'dzdzdd', 0x323031372d30332d33302031353a34383a3434),
(473, 28, NULL, 36, 'dffe', 0x323031372d30332d33302031363a30323a3039),
(474, 28, NULL, 36, 'aaaa', 0x323031372d30332d33302031363a30333a3432),
(475, 28, NULL, 36, 'dzdzd', 0x323031372d30332d33302031363a30373a3433),
(476, 28, NULL, 38, 'dzdzd', 0x323031372d30332d33302031363a30393a3231),
(477, 28, NULL, 38, 'dzdz', 0x323031372d30332d33302031363a31303a3130),
(478, 28, NULL, 38, 'zddd', 0x323031372d30332d33302031363a31303a3334),
(479, 28, NULL, 38, 'zddzd', 0x323031372d30332d33302031363a31303a3431),
(480, 28, NULL, 38, 'dzdzd', 0x323031372d30332d33302031363a31333a3035),
(481, 28, NULL, 38, 'dzdzd', 0x323031372d30332d33302031363a31353a3538),
(482, 28, NULL, 38, 'zzzzz', 0x323031372d30332d33302031363a31363a3033),
(483, 28, NULL, 38, 'dzdzd', 0x323031372d30332d33302031363a32343a3536),
(485, 28, NULL, 38, 'dzdzd', 0x323031372d30332d33302031363a32373a3234),
(486, 28, NULL, 38, 'dzdzd', 0x323031372d30332d33302031363a32383a3438),
(487, 28, NULL, 38, 'dzdzd', 0x323031372d30332d33302031363a32393a3038),
(488, 28, NULL, 38, 'dzdzd', 0x323031372d30332d33302031363a33303a3037),
(489, 28, NULL, 38, 'dzdzd', 0x323031372d30332d33302031363a33303a3432),
(490, 28, NULL, 38, 'aaaddd', 0x323031372d30332d33302031363a33333a3337),
(492, 33, NULL, 38, 'hello !', 0x323031372d30332d33302031363a35383a3130);

-- --------------------------------------------------------

--
-- Structure de la table `news`
--

CREATE TABLE IF NOT EXISTS `news` (
`id` smallint(5) unsigned NOT NULL,
  `auteur` int(30) NOT NULL,
  `titre` varchar(100) NOT NULL,
  `contenu` text NOT NULL,
  `dateAjout` datetime NOT NULL,
  `dateModif` datetime NOT NULL
) ENGINE=MyISAM  DEFAULT CHARSET=latin1 AUTO_INCREMENT=34 ;

--
-- Contenu de la table `news`
--

INSERT INTO `news` (`id`, `auteur`, `titre`, `contenu`, `dateAjout`, `dateModif`) VALUES
(27, 38, 'clmo', 'clmo', 0x323031372d30332d32342031353a33303a3231, 0x323031372d30332d32342031353a33303a3231),
(28, 36, 'coucou !', 'cuchizbcjb zff', 0x323031372d30332d32342031353a33303a3437, 0x323031372d30332d33302031363a33393a3436),
(33, 38, 'ffff', 'aza', 0x323031372d30332d33302031363a35383a3034, 0x323031372d30332d33302031363a35383a3034);

-- --------------------------------------------------------

--
-- Structure de la table `t_mem_memberc`
--

CREATE TABLE IF NOT EXISTS `t_mem_memberc` (
`MMC_id` mediumint(9) NOT NULL,
  `MMC_user` varchar(20) NOT NULL,
  `MMC_password` varchar(20) NOT NULL,
  `MMC_email` varchar(40) NOT NULL,
  `MMC_dateinscription` datetime NOT NULL,
  `MMC_fk_MMY` int(11) NOT NULL
) ENGINE=MyISAM  DEFAULT CHARSET=latin1 AUTO_INCREMENT=41 ;

--
-- Contenu de la table `t_mem_memberc`
--

INSERT INTO `t_mem_memberc` (`MMC_id`, `MMC_user`, `MMC_password`, `MMC_email`, `MMC_dateinscription`, `MMC_fk_MMY`) VALUES
(36, 'topa', 'topa', 'topa@gmail.com', 0x323031372d30332d32352030303a30303a3030, 2),
(37, 'hue', 'hue', 'hue@gmail.com', 0x323031372d30332d32342031353a32313a3430, 1),
(38, 'clmo', 'clmo', 'clmo@gmail.com', 0x323031372d30332d32342031353a33303a3136, 1);

-- --------------------------------------------------------

--
-- Structure de la table `t_mem_membery`
--

CREATE TABLE IF NOT EXISTS `t_mem_membery` (
`MMY_id` int(11) NOT NULL,
  `MMY_definition` varchar(50) NOT NULL
) ENGINE=MyISAM  DEFAULT CHARSET=latin1 AUTO_INCREMENT=3 ;

--
-- Contenu de la table `t_mem_membery`
--

INSERT INTO `t_mem_membery` (`MMY_id`, `MMY_definition`) VALUES
(1, 'user'),
(2, 'admin');

--
-- Index pour les tables exportées
--

--
-- Index pour la table `comments`
--
ALTER TABLE `comments`
 ADD PRIMARY KEY (`id`);

--
-- Index pour la table `news`
--
ALTER TABLE `news`
 ADD PRIMARY KEY (`id`);

--
-- Index pour la table `t_mem_memberc`
--
ALTER TABLE `t_mem_memberc`
 ADD PRIMARY KEY (`MMC_id`);

--
-- Index pour la table `t_mem_membery`
--
ALTER TABLE `t_mem_membery`
 ADD PRIMARY KEY (`MMY_id`);

--
-- AUTO_INCREMENT pour les tables exportées
--

--
-- AUTO_INCREMENT pour la table `comments`
--
ALTER TABLE `comments`
MODIFY `id` mediumint(9) NOT NULL AUTO_INCREMENT,AUTO_INCREMENT=494;
--
-- AUTO_INCREMENT pour la table `news`
--
ALTER TABLE `news`
MODIFY `id` smallint(5) unsigned NOT NULL AUTO_INCREMENT,AUTO_INCREMENT=34;
--
-- AUTO_INCREMENT pour la table `t_mem_memberc`
--
ALTER TABLE `t_mem_memberc`
MODIFY `MMC_id` mediumint(9) NOT NULL AUTO_INCREMENT,AUTO_INCREMENT=41;
--
-- AUTO_INCREMENT pour la table `t_mem_membery`
--
ALTER TABLE `t_mem_membery`
MODIFY `MMY_id` int(11) NOT NULL AUTO_INCREMENT,AUTO_INCREMENT=3;
/*!40101 SET CHARACTER_SET_CLIENT=@OLD_CHARACTER_SET_CLIENT */;
/*!40101 SET CHARACTER_SET_RESULTS=@OLD_CHARACTER_SET_RESULTS */;
/*!40101 SET COLLATION_CONNECTION=@OLD_COLLATION_CONNECTION */;
